company,segment,hq_city,german_finance_locations,size,work_language,typical_finance_roles,website,notes,priority,status
Deutsche Bank,Universal bank,Frankfurt,Frankfurt; Berlin; Eschborn; Munich,large,english,IB; markets; risk; compliance; treasury; finance/controlling,db.com,Largest German bank; Berlin tech/ops centre,,
Commerzbank,Universal bank,Frankfurt,Frankfurt; Hamburg; Düsseldorf; Munich,large,mixed,corporate banking; risk; treasury; controlling; compliance,commerzbank.de,Verify ownership news (UniCredit stake) before interviews,,
UniCredit Bank GmbH (HypoVereinsbank),Universal bank,Munich,Munich; Frankfurt; Hamburg,large,mixed,corporate banking; markets; risk; controlling,hvb.de,,,
ING Deutschland,Retail/direct bank,Frankfurt,Frankfurt; Nuremberg,large,mixed,treasury; risk; finance; data/analytics,ing.de,,,
DKB Deutsche Kreditbank,Retail/direct bank,Berlin,Berlin; Potsdam; Munich,large,german,credit risk; controlling; treasury,dkb.de,Owned by BayernLB,,
Targobank,Retail/consumer bank,Düsseldorf,Düsseldorf; Duisburg,large,german,consumer credit; controlling; risk,targobank.de,,,
Santander Consumer Bank,Consumer finance,Mönchengladbach,Mönchengladbach,large,german,consumer credit; risk; controlling,santander.de,,,
BNP Paribas Germany (incl. Consorsbank),Universal bank,Frankfurt,Frankfurt; Nuremberg,large,mixed,corporate banking; markets; risk; compliance,bnpparibas.de,,,
Oldenburgische Landesbank (OLB),Regional bank,Oldenburg,Oldenburg; Frankfurt,mid,german,corporate lending; risk; controlling,olb.de,Verify ownership changes,,
Hamburg Commercial Bank,Commercial bank,Hamburg,Hamburg,mid,mixed,credit; risk; treasury; finance,hcob-bank.com,,,
Aareal Bank,Real estate finance,Wiesbaden,Wiesbaden,mid,mixed,real estate lending; risk; treasury,aareal-bank.com,,,
Deutsche Pfandbriefbank (pbb),Real estate finance,Garching (Munich),Munich; Eschborn,mid,mixed,real estate lending; risk; treasury,pfandbriefbank.com,,,
IKB Deutsche Industriebank,Commercial bank,Düsseldorf,Düsseldorf; Frankfurt,mid,german,Mittelstand lending; risk; treasury,ikb.de,,,
Deutsche Apotheker- und Ärztebank (apoBank),Cooperative bank,Düsseldorf,Düsseldorf,mid,german,lending; risk; controlling,apobank.de,,,
DZ BANK,Cooperative central bank,Frankfurt,Frankfurt; Düsseldorf; Hamburg; Munich; Stuttgart,large,mixed,corporate banking; markets; risk; treasury; controlling,dzbank.de,,,
Bausparkasse Schwäbisch Hall,Cooperative building society,Schwäbisch Hall,Schwäbisch Hall,large,german,controlling; risk; treasury,schwaebisch-hall.de,DZ group,,
Berliner Volksbank,Cooperative bank,Berlin,Berlin,mid,german,lending; controlling; risk,berliner-volksbank.de,,,
Frankfurter Volksbank Rhein/Main,Cooperative bank,Frankfurt,Frankfurt,mid,german,lending; controlling; risk,frankfurter-volksbank.de,,,
KfW Group (incl. KfW IPEX-Bank; DEG),Development bank,Frankfurt,Frankfurt; Berlin; Bonn; Cologne,large,mixed,project/export finance; risk; treasury; development finance,kfw.de,Strong English in IPEX/DEG,,
Landwirtschaftliche Rentenbank,Development bank,Frankfurt,Frankfurt,small,german,treasury; risk; funding,rentenbank.de,,,
NRW.BANK,Development bank,Düsseldorf,Düsseldorf; Münster,mid,german,development lending; risk; treasury,nrwbank.de,,,
L-Bank,Development bank,Karlsruhe,Karlsruhe; Stuttgart,mid,german,development lending; risk; treasury,l-bank.de,,,
LBBW,Landesbank,Stuttgart,Stuttgart; Mannheim; Mainz; Frankfurt,large,mixed,corporate banking; markets; risk; treasury,lbbw.de,,,
BayernLB,Landesbank,Munich,Munich,large,mixed,corporate banking; real estate; risk; treasury,bayernlb.de,,,
Helaba,Landesbank,Frankfurt,Frankfurt; Erfurt; Düsseldorf,large,mixed,corporate banking; real estate; markets; risk,helaba.com,,,
NORD/LB,Landesbank,Hannover,Hannover; Braunschweig; Hamburg,large,mixed,structured finance; risk; treasury,nordlb.de,,,
DekaBank,Savings-bank asset manager,Frankfurt,Frankfurt,large,mixed,asset management; markets; risk; treasury,deka.de,,,
Hamburger Sparkasse (Haspa),Savings bank,Hamburg,Hamburg,large,german,lending; controlling; risk,haspa.de,Largest Sparkasse,,
Sparkasse KölnBonn,Savings bank,Cologne,Cologne; Bonn,large,german,lending; controlling; risk,sparkasse-koelnbonn.de,,,
Kreissparkasse Köln,Savings bank,Cologne,Cologne,large,german,lending; controlling; risk,ksk-koeln.de,,,
Berliner Sparkasse,Savings bank,Berlin,Berlin,large,german,lending; controlling; risk,berliner-sparkasse.de,,,
Stadtsparkasse München,Savings bank,Munich,Munich,large,german,lending; controlling; risk,sskm.de,,,
Frankfurter Sparkasse,Savings bank,Frankfurt,Frankfurt,mid,german,lending; controlling; risk,frankfurter-sparkasse.de,,,
Deutsche Bundesbank,Central bank,Frankfurt,Frankfurt; regional offices,large,mixed,banking supervision; economics; markets; statistics,bundesbank.de,Trainee programmes are German-language,,
European Central Bank (ECB),Central bank / supervisor,Frankfurt,Frankfurt,large,english,supervision (SSM); economics; market operations; risk,ecb.europa.eu,EU citizenship generally required for permanent posts,,
European Insurance and Occupational Pensions Authority (EIOPA),EU supervisor,Frankfurt,Frankfurt,small,english,insurance supervision; risk; policy,eiopa.europa.eu,EU citizenship generally required,,
Anti-Money Laundering Authority (AMLA),EU supervisor,Frankfurt,Frankfurt,small,english,AML supervision; compliance,amla.europa.eu,New authority still building up staff,,
BaFin,National supervisor,Bonn,Bonn; Frankfurt,large,german,banking/insurance/securities supervision,bafin.de,,,
Finanzagentur (German Finance Agency),Government debt management,Frankfurt,Frankfurt,small,german,debt management; treasury; risk,deutsche-finanzagentur.de,,,
Deutsche Börse Group (incl. Eurex; Clearstream),Market infrastructure,Eschborn (Frankfurt),Eschborn; Frankfurt; Berlin,large,english,markets; risk; treasury; product; finance,deutsche-boerse.com,,A,
Boerse Stuttgart Group,Market infrastructure,Stuttgart,Stuttgart; Berlin,mid,mixed,markets; digital assets; compliance,boerse-stuttgart.de,,,
Goldman Sachs Bank Europe SE,Investment bank,Frankfurt,Frankfurt,mid,english,IB; markets; risk; controllers; compliance,goldmansachs.com,EU entity HQ,,
J.P. Morgan SE,Investment bank,Frankfurt,Frankfurt,mid,english,IB; markets; risk; controllers; compliance,jpmorgan.com,EU entity HQ,,
Morgan Stanley Europe SE,Investment bank,Frankfurt,Frankfurt,mid,english,IB; markets; risk; finance,morganstanley.com,EU entity HQ,,
Citigroup Global Markets Europe AG,Investment bank,Frankfurt,Frankfurt,mid,english,IB; markets; risk; finance,citigroup.com,,,
BofA Securities Europe (Frankfurt),Investment bank,Paris,Frankfurt,mid,english,IB; markets; risk,bankofamerica.com,EU HQ in Paris; Frankfurt branch,,
UBS Europe SE,Investment/private bank,Frankfurt,Frankfurt; Munich; Hamburg,mid,english,wealth management; IB; risk; finance,ubs.com,,,
Barclays (Frankfurt branch),Investment bank,Dublin,Frankfurt,small,english,IB; markets; risk,barclays.com,,,
HSBC Continental Europe Germany,Universal bank,Düsseldorf,Düsseldorf; Frankfurt,mid,mixed,corporate banking; markets; risk,hsbc.de,,,
Société Générale (Frankfurt),Investment bank,Paris,Frankfurt,small,english,markets; IB; risk,societegenerale.de,,,
Nomura Financial Products Europe GmbH,Investment bank,Frankfurt,Frankfurt,small,english,markets; risk; finance,nomura.com,,,
State Street Bank International GmbH,Custody/asset servicing,Munich,Munich; Frankfurt,mid,english,fund accounting; risk; operations; finance,statestreet.com,,A,
BNY (Germany),Custody/asset servicing,New York,Frankfurt,small,english,custody; fund services; risk,bny.com,,A,
Lazard,M&A advisory,Paris/New York,Frankfurt,small,mixed,M&A; restructuring,lazard.com,,,
Rothschild & Co,M&A advisory,Paris/London,Frankfurt,small,mixed,M&A; debt advisory; restructuring,rothschildandco.com,,B,
Evercore,M&A advisory,New York,Frankfurt,small,english,M&A,evercore.com,,,
Houlihan Lokey,M&A advisory,Los Angeles,Frankfurt; Munich,small,mixed,M&A; restructuring; valuation,hl.com,,B,
Jefferies,Investment bank,New York,Frankfurt,small,english,IB; ECM,jefferies.com,,,
Lincoln International,M&A advisory,Chicago,Frankfurt; Munich,small,mixed,mid-market M&A; valuation,lincolninternational.com,,B,
Berenberg,Private/investment bank,Hamburg,Hamburg; Frankfurt; Munich; Düsseldorf,mid,mixed,equity research; IB; wealth management,berenberg.de,,B,
Metzler,Private bank,Frankfurt,Frankfurt,small,german,asset management; capital markets; corporate finance,metzler.com,,,
M.M.Warburg & CO,Private bank,Hamburg,Hamburg; Frankfurt,small,german,private banking; asset management,mmwarburg.de,,,
Hauck Aufhäuser Lampe,Private bank,Frankfurt,Frankfurt; Munich; Hamburg; Düsseldorf,mid,german,asset servicing; private banking; capital markets,hal-privatbank.com,,,
ODDO BHF,Private/investment bank,Paris/Frankfurt,Frankfurt; Düsseldorf,mid,mixed,corporate finance; asset management; private banking,oddo-bhf.com,,,
Donner & Reuschel,Private bank,Hamburg,Hamburg; Munich,small,german,private banking; real estate finance,donner-reuschel.de,,,
DWS,Asset management,Frankfurt,Frankfurt,large,english,portfolio management; product; risk; finance,dws.com,,A,
Allianz Global Investors,Asset management,Frankfurt,Frankfurt; Munich,large,english,portfolio management; research; risk,allianzgi.com,,A,
Union Investment,Asset management,Frankfurt,Frankfurt; Hamburg,large,mixed,portfolio management; real estate; risk,union-investment.de,DZ group,,
HANSAINVEST Hanseatische Investment-GmbH,Fund administration (service KVG),Hamburg,Hamburg; Frankfurt,mid,mixed,fund accounting; alternative assets admin; risk; compliance,hansainvest.com,SIGNAL IDUNA group; verify working language per team,A,applied-draft
Universal Investment,Fund administration,Frankfurt,Frankfurt; Hamburg,mid,mixed,fund accounting; risk; compliance,universal-investment.com,,A,
Flossbach von Storch,Asset management,Cologne,Cologne,mid,german,portfolio management; research,flossbachvonstorch.de,,,
MEAG,Asset management,Munich,Munich,mid,mixed,insurance asset management; risk,meag.com,Munich Re group,,
PATRIZIA,Real estate investment,Augsburg,Augsburg; Frankfurt; Hamburg,mid,english,real estate investment; fund finance,patrizia.ag,,A,
Commerz Real,Real asset investment,Wiesbaden,Wiesbaden,mid,german,real estate funds; leasing; controlling,commerzreal.com,,,
BlackRock (Germany),Asset management,New York,Munich; Frankfurt,mid,english,sales; product; risk,blackrock.com,,A,
Fidelity International (Germany),Asset management,London,Kronberg (Frankfurt); Frankfurt,mid,mixed,fund distribution; product; operations,fidelity.de,,,
Amundi Deutschland,Asset management,Paris,Munich; Frankfurt,small,mixed,product; distribution; portfolio management,amundi.de,,,
EQT,Private equity,Stockholm,Munich; Frankfurt,small,english,PE investment; portfolio finance,eqtgroup.com,,A,
KKR,Private equity,New York,Munich,small,english,PE investment,kkr.com,,,
Permira,Private equity,London,Frankfurt,small,english,PE investment,permira.com,,,
Triton,Private equity,Jersey/Frankfurt,Frankfurt,small,english,PE investment; portfolio finance,triton-partners.com,,A,
Cinven,Private equity,London,Frankfurt,small,english,PE investment,cinven.com,,,
Ardian,Private equity,Paris,Frankfurt; Munich,small,english,PE; infrastructure; private debt,ardian.com,,A,
Deutsche Beteiligungs AG (DBAG),Private equity,Frankfurt,Frankfurt,small,mixed,PE investment,dbag.com,,,
HV Capital,Venture capital,Munich,Munich; Berlin,small,english,VC investment,hvcapital.com,,A,
Earlybird,Venture capital,Berlin,Berlin; Munich,small,english,VC investment,earlybird.com,,,
Project A,Venture capital,Berlin,Berlin,small,english,VC investment; portfolio finance,project-a.com,,A,
Allianz,Insurance,Munich,Munich; Stuttgart; Frankfurt; Berlin,large,mixed,actuarial; investment; controlling; risk; treasury,allianz.com,Group functions often English,,
Allianz Trade (formerly Euler Hermes),Credit insurance,Hamburg,Hamburg,mid,mixed,credit risk; underwriting; finance,allianz-trade.com,,,
Munich Re,Reinsurance,Munich,Munich,large,english,actuarial; investment; controlling; risk,munichre.com,,,
Hannover Re,Reinsurance,Hannover,Hannover,large,english,actuarial; controlling; risk; investment,hannover-re.com,,,
Talanx / HDI,Insurance,Hannover,Hannover; Cologne,large,mixed,actuarial; controlling; risk; investment,talanx.com,,,
Generali Deutschland,Insurance,Munich,Munich; Cologne; Aachen,large,mixed,actuarial; controlling; risk,generali.de,,,
AXA Deutschland,Insurance,Cologne,Cologne,large,mixed,actuarial; controlling; risk,axa.de,,,
ERGO Group,Insurance,Düsseldorf,Düsseldorf; Hamburg; Munich,large,german,actuarial; controlling; risk,ergo.com,Munich Re group,,
Zurich Gruppe Deutschland,Insurance,Cologne,Cologne,large,mixed,actuarial; controlling; risk,zurich.de,,,
Swiss Re (Germany),Reinsurance,Zurich,Munich,mid,english,underwriting; actuarial; finance,swissre.com,,,
R+V Versicherung,Insurance,Wiesbaden,Wiesbaden,large,german,actuarial; controlling; risk; investment,ruv.de,DZ group,,
Debeka,Insurance,Koblenz,Koblenz,large,german,actuarial; controlling,debeka.de,,,
HUK-COBURG,Insurance,Coburg,Coburg,large,german,actuarial; controlling,huk.de,,,
SIGNAL IDUNA,Insurance,Dortmund/Hamburg,Dortmund; Hamburg,large,german,actuarial; controlling; investment,signal-iduna.de,,,
Gothaer,Insurance,Cologne,Cologne,large,german,actuarial; controlling,gothaer.de,,,
Wüstenrot & Württembergische (W&W),Insurance/building society,Kornwestheim,Kornwestheim; Ludwigsburg,large,german,actuarial; controlling; risk,ww-ag.com,,,
N26,Neobank,Berlin,Berlin,mid,english,finance; treasury; risk; regulatory reporting; compliance,n26.com,,B,
Trade Republic,Neobank/broker,Berlin,Berlin,mid,english,finance; treasury; risk; compliance,traderepublic.com,,B,
Scalable Capital,Neobroker,Munich,Munich; Berlin,mid,english,finance; risk; compliance; treasury,scalable.capital,,,
Raisin,Fintech (deposits platform),Berlin,Berlin,mid,english,finance; treasury; FP&A,raisin.com,,B,
Solaris,Banking-as-a-service,Berlin,Berlin,mid,english,finance; risk; regulatory reporting,solarisgroup.com,Went through restructuring; check current status,,
Mambu,Banking software,Berlin,Berlin,mid,english,FP&A; revenue accounting,mambu.com,,B,
Upvest,Investment infrastructure,Berlin,Berlin,small,english,finance; compliance; regulatory,upvest.co,,A,
Moonfare,Private markets platform,Berlin,Berlin,small,english,investment; fund finance; FP&A,moonfare.com,,A,
Pliant,Fintech (cards/payments),Berlin,Berlin,small,english,finance; risk; credit,getpliant.com,,,
Billie,Fintech (B2B BNPL),Berlin,Berlin,small,english,credit risk; finance,billie.io,,,
Moss,Fintech (spend management),Berlin,Berlin,small,english,finance; FP&A; credit,getmoss.com,,,
Unzer,Payments,Munich,Munich; Berlin,mid,mixed,finance; risk; compliance,unzer.com,,,
CHECK24 (finance verticals),Comparison/fintech,Munich,Munich; Berlin,large,german,controlling; credit products; analytics,check24.de,,,
Smava,Lending marketplace,Berlin,Berlin,small,mixed,credit; finance; analytics,smava.de,,,
Clark,Insurtech,Frankfurt,Frankfurt; Berlin,small,mixed,finance; FP&A,clark.de,,,
Taxfix,Fintech (tax),Berlin,Berlin,mid,english,finance; FP&A,taxfix.de,,B,
Scope Ratings,Credit rating agency,Berlin,Berlin; Frankfurt,mid,english,credit analysis; ratings,scopegroup.com,,,
Moody's (Germany),Credit rating agency,New York,Frankfurt,small,english,credit analysis; ratings,moodys.com,,,
S&P Global Ratings (Germany),Credit rating agency,New York,Frankfurt,small,english,credit analysis; ratings,spglobal.com,,,
Fitch Ratings (Germany),Credit rating agency,New York/London,Frankfurt,small,english,credit analysis; ratings,fitchratings.com,,,
Bloomberg (Germany),Financial data,New York,Frankfurt,small,english,data; analytics; sales,bloomberg.com,,,
SCHUFA,Credit bureau,Wiesbaden,Wiesbaden; Berlin,mid,german,risk analytics; data,schufa.de,,,
Volkswagen Financial Services,Captive finance,Braunschweig,Braunschweig,large,mixed,auto finance; leasing; risk; treasury; controlling,vwfs.com,,,
Mercedes-Benz Bank / Mobility,Captive finance,Stuttgart,Stuttgart; Berlin,large,mixed,auto finance; risk; treasury,mercedes-benz-bank.de,,,
BMW Bank,Captive finance,Munich,Munich,mid,mixed,auto finance; risk; treasury,bmwbank.de,,,
Deutsche Leasing,Leasing,Bad Homburg,Bad Homburg,mid,german,leasing; credit; controlling,deutsche-leasing.com,Sparkassen group,,
GRENKE,Leasing,Baden-Baden,Baden-Baden,mid,mixed,leasing; credit; finance,grenke.com,,,
PwC Deutschland,Big 4 audit/advisory,Frankfurt,Frankfurt; Munich; Berlin; Düsseldorf; Hamburg; Stuttgart,large,mixed,audit; deals/transaction services; valuation; FS risk; tax,pwc.de,English OK in deals/FS advisory; audit mostly German,B,
Deloitte Germany,Big 4 audit/advisory,Munich,Munich; Frankfurt; Düsseldorf; Berlin; Hamburg,large,mixed,audit; financial advisory; risk advisory; tax,deloitte.com/de,,,
EY Germany,Big 4 audit/advisory,Stuttgart,Eschborn; Munich; Berlin; Düsseldorf; Hamburg,large,mixed,audit; strategy & transactions; FS consulting; tax,ey.com/de,,B,
KPMG Germany,Big 4 audit/advisory,Berlin,Frankfurt; Munich; Berlin; Düsseldorf; Hamburg,large,mixed,audit; deal advisory; FS consulting; tax,kpmg.de,,B,
BDO Germany,Audit/advisory,Hamburg,Hamburg; Frankfurt; Berlin; Munich,mid,german,audit; transaction services; tax,bdo.de,,,
Forvis Mazars Germany,Audit/advisory,Berlin,Berlin; Frankfurt; Munich; Hamburg,mid,mixed,audit; FS advisory; tax,forvismazars.com/de,,,
Grant Thornton Germany,Audit/advisory,Düsseldorf,Düsseldorf; Frankfurt; Munich; Berlin,mid,german,audit; advisory; tax,grantthornton.de,,,
Rödl & Partner,Audit/advisory,Nuremberg,Nuremberg; Munich; Berlin,mid,german,audit; tax; transaction services,roedl.de,,,
Ebner Stolz,Audit/advisory,Stuttgart,Stuttgart; Hamburg; Cologne; Frankfurt,mid,german,audit; tax; transaction services,ebnerstolz.de,,,
Baker Tilly Germany,Audit/advisory,Munich,Munich; Düsseldorf; Frankfurt; Berlin,mid,german,audit; tax; transaction services,bakertilly.de,,,
McKinsey & Company,Strategy consulting,New York,Frankfurt; Munich; Düsseldorf; Berlin; Hamburg; Stuttgart,large,mixed,FS practice; corporate finance practice,mckinsey.com,German usually expected for client work,,
Boston Consulting Group,Strategy consulting,Boston,Munich; Frankfurt; Düsseldorf; Berlin; Hamburg,large,mixed,FS practice; principal investors,bcg.com,German usually expected for client work,,
Bain & Company,Strategy consulting,Boston,Munich; Düsseldorf; Frankfurt; Berlin,large,mixed,PE due diligence; FS practice,bain.com,,,
Roland Berger,Strategy consulting,Munich,Munich; Frankfurt; Düsseldorf; Berlin; Hamburg,large,mixed,restructuring; FS; corporate finance,rolandberger.com,,,
Oliver Wyman,FS consulting,New York,Munich; Frankfurt; Berlin,mid,mixed,FS strategy; risk; actuarial,oliverwyman.com,,,
zeb,Bank consulting,Münster,Münster; Frankfurt; Munich; Berlin; Hamburg,mid,german,bank steering; risk; regulatory,zeb.de,Specialist in banks; strong German market,,
Alvarez & Marsal,Restructuring advisory,New York,Munich; Frankfurt; Düsseldorf,small,mixed,restructuring; transaction advisory,alvarezandmarsal.com,,B,
Siemens,Corporate (DAX),Munich,Munich; Erlangen; Berlin,large,mixed,FP&A; controlling; treasury; M&A; tax,siemens.com,Siemens Financial Services too,,
SAP,Corporate (DAX),Walldorf,Walldorf; Berlin; Munich,large,english,FP&A; revenue accounting; treasury; M&A,sap.com,,,
BMW Group,Corporate (DAX),Munich,Munich,large,mixed,controlling; treasury; FP&A,bmwgroup.com,,,
Mercedes-Benz Group,Corporate (DAX),Stuttgart,Stuttgart; Berlin,large,mixed,controlling; treasury; FP&A; M&A,group.mercedes-benz.com,,,
Volkswagen Group,Corporate (DAX),Wolfsburg,Wolfsburg; Berlin; Munich,large,german,controlling; treasury; FP&A,volkswagen-group.com,,,
Porsche AG,Corporate (DAX),Stuttgart,Stuttgart,large,german,controlling; FP&A; treasury,porsche.com,,,
BASF,Corporate (DAX),Ludwigshafen,Ludwigshafen; Berlin,large,mixed,controlling; treasury; FP&A; M&A,basf.com,Global business services in Berlin,,
Bayer,Corporate (DAX),Leverkusen,Leverkusen; Berlin,large,mixed,FP&A; treasury; M&A; controlling,bayer.com,,,
Merck KGaA,Corporate (DAX),Darmstadt,Darmstadt,large,mixed,FP&A; controlling; treasury,merckgroup.com,,,
Deutsche Telekom,Corporate (DAX),Bonn,Bonn; Berlin; Darmstadt,large,mixed,controlling; treasury; M&A; investor relations,telekom.com,,,
DHL Group,Corporate (DAX),Bonn,Bonn,large,mixed,controlling; treasury; FP&A,group.dhl.com,,,
E.ON,Corporate (DAX),Essen,Essen; Munich,large,mixed,controlling; treasury; M&A,eon.com,,,
RWE,Corporate (DAX),Essen,Essen,large,mixed,controlling; treasury; trading risk; project finance,rwe.com,,,
Infineon Technologies,Corporate (DAX),Neubiberg (Munich),Munich; Dresden,large,english,FP&A; controlling; treasury,infineon.com,,,
adidas,Corporate (DAX),Herzogenaurach,Herzogenaurach,large,english,FP&A; controlling; treasury,adidas-group.com,,,
Henkel,Corporate (DAX),Düsseldorf,Düsseldorf,large,mixed,controlling; FP&A; treasury,henkel.com,,,
Siemens Energy,Corporate (DAX),Munich,Munich; Berlin; Erlangen,large,mixed,FP&A; project controlling; treasury,siemens-energy.com,,,
Siemens Healthineers,Corporate (DAX),Erlangen,Erlangen; Forchheim,large,mixed,FP&A; controlling,siemens-healthineers.com,,,
Fresenius,Corporate (DAX),Bad Homburg,Bad Homburg,large,mixed,controlling; treasury; M&A,fresenius.com,,,
Zalando,Corporate (DAX),Berlin,Berlin,large,english,FP&A; treasury; accounting,zalando.com,,B,
Delivery Hero,Corporate (MDAX),Berlin,Berlin,large,english,FP&A; treasury; M&A,deliveryhero.com,,B,
Lufthansa Group,Corporate,Cologne,Frankfurt; Cologne; Hamburg,large,mixed,controlling; treasury; FP&A,lufthansagroup.com,,,
Continental,Corporate (DAX),Hannover,Hannover; Frankfurt,large,mixed,controlling; treasury; FP&A,continental.com,,,
Beiersdorf,Corporate (DAX),Hamburg,Hamburg,large,mixed,controlling; FP&A; treasury,beiersdorf.com,,,
Rheinmetall,Corporate (DAX),Düsseldorf,Düsseldorf,large,german,controlling; FP&A,rheinmetall.com,,,
Airbus (Germany),Corporate,Leiden (NL),Hamburg; Munich; Bremen,large,mixed,FP&A; controlling; treasury,airbus.com,,,
Vonovia,Corporate (DAX),Bochum,Bochum,large,german,controlling; real estate finance; treasury,vonovia.com,,,
